T7fb, Adidas Yung 1, Shoes, 42 1/3
VQge, Nike Air Force 1 , Shoes, 43
jxja, File Disruptor Low, Shoes, 42.5
4HZ6, Vans Old Skool, Shoes, 42.5
jaLC, Fila Rush, Shoes, 43
nVyN, The North Face Raglan Redbox, Sweater, L
8hmH, Thrasher Hoodie, Sweater, M
xYy5, Nike SB Hoodie, Sweater, L
knrX, Dime Classic Small Logo, Sweater, L
OyNE, Levis Relaxed Graphic, Sweater, XL
uUZv, YÃ´ke Tugela, Pants, L
UcEL, Carhartt Aviation, Pants, 32/32
mxMQ, Sweet Straight Chinos, Pants, 33
eLVB, Urban Pioneer Jeff Denim, Pants, 33/32
TgvD, Hugo Boss Delaware3-1-20, Pants, 32/32
N9hN, Replay Hyperflex Zeumar, Pants, 31/32
j9ql, Tiger of Sweden Nicola, Sweater, L
CQdV, Tiger of Sweden Zoab Emb, Sweater, L
6LNS, Nike Zoom Blazer Mid, Shoes, 43
WPEH, Converse Chuck 70 Ox, Shoes, 42.5
5Dlc, New Balance MS327, Shoes, 43
pgf6, Umbro History Velvet, Sweater, L
vFyX, Wesc Miles Logo, Sweater, M
VSJD, Polar Skate Big Boy, Pants, L
8PT1, Sweet Sktbs Sweet Loose, Pants, 33
YZWA, Adidas Originals Fashion, Shorts, L
R2YG, Dickies Graysville, Shorts, 33
DCnH, Junkyard Valley Recycle, Hat, One size
ixUr, Junkyard chakra	T-shirt	L
ESJM, Nike NSW H86, Hat, One size
